# Function-size ratchet baseline (refactor wave 1, W5). Enforced by
# scripts/check-function-size.ts via `bun run check:function-size` (in verify).
# One row per function over 300 lines in src/**/*.ts (excluding *.generated.ts),
# keyed by path + name path (never line numbers). Rows only shrink: lower a row
# when its function shrinks, remove it when the function drops to 300 lines or
# fewer. Raising a row or adding one needs an issue/TODO id in the justification.
# docs/TESTING.md#function-size-ratchet
path	name	lines	justification
src/commands/bootstrap.ts	runHooks	600	seed: W5 baseline, refactor wave 1 (decomposition deferred to wave 2, plan D1); +3 #4618: --seat/--no-seat parse + refusal/note (logic in core/bootstrap/hooks.ts parseSeatFlags)
src/commands/bootstrap.ts	runHooks>withLock(#1)	449	seed: W5 baseline, refactor wave 1 (decomposition deferred to wave 2, plan D1)
src/commands/config.ts	runConfig	767	seed: W5 baseline, refactor wave 1 (decomposition deferred to wave 2, plan D1); +2 #5232: persistence.write_wait_ms dispatch line (logic in setFileWriteWait)
src/commands/doctor/bootstrap-checks.ts	bootstrapDoctorChecks	476	seed: W5 baseline, refactor wave 1 (decomposition deferred to wave 2, plan D1)
src/commands/doctor/checks/extraction-sync.ts	checkSyncFreshness	333	seed: W5 baseline, refactor wave 1 (decomposition deferred to wave 2, plan D1)
src/commands/doctor/report-remote.ts	doctorReportRemote	416	seed: W5 baseline, refactor wave 1 (decomposition deferred to wave 2, plan D1)
src/commands/dream-retriage.ts	runDreamRetriage	524	seed: W5 baseline, refactor wave 1 (decomposition deferred to wave 2, plan D1)
src/commands/embed.ts	embedAllStale	566	seed: W5 baseline, refactor wave 1 (decomposition deferred to wave 2, plan D1); +9 #5804: a null projection snapshot is a counted failure (archived sources left to reportArchived) with one end-of-run batch summary; +4 wave 8 lane D1 #5527: subtract current-model chunks from the mixed-space warning; +2 Foundations 1 F4d: a time-budget stop with stale chunks left records reason, remaining count and resume command (src/core/embed-budget-stop.ts)
src/commands/embed.ts	runEmbedCore	381	seed: W5 baseline, refactor wave 1 (decomposition deferred to wave 2, plan D1); +5 wave 8 lane D1 #5885: stale-drain takes pass call and its watchdog progress counter
src/commands/eval-longmemeval.ts	runEvalLongMemEval	740	seed: W5 baseline, refactor wave 1 (decomposition deferred to wave 2, plan D1)
src/commands/extract-conversation-facts.ts	processPage	308	seed: W5 baseline, refactor wave 1 (decomposition deferred to wave 2, plan D1); +1 #5918: one read of the page's conversation_segment_gap_minutes shared by both splitIntoSegments calls (validation lives in pageSegmentGapMinutes)
src/commands/extract-conversation-facts.ts	runExtractConversationFactsCore	378	seed: W5 baseline, refactor wave 1 (decomposition deferred to wave 2, plan D1); +1 #5757: managed flag threaded into ExtractCoreState; +4 #5823: shared default-cap wiring and structured budget reason/model; decision logic is in facts/conversation-budget.ts; +2 #5330: strict-eligibility read and the enumeration filter through the shared predicate (rule lives in facts/conversation-types.ts)
src/commands/extract.ts	runExtract	398	seed: W5 baseline, refactor wave 1 (decomposition deferred to wave 2, plan D1)
src/commands/import.ts	runImport	972	seed: W5 baseline, refactor wave 1 (decomposition deferred to wave 2, plan D1); +4 GBRA-40 F4b: planner-stats refresh every import.analyze_every_pages files (logic in planner-stats.ts); +6 #5988: onFileResult hook so full sync holds content refusals (logic in commands/sync/holds.ts); +3 #5988: heldPaths skip so a full sync never imports a rename destination it held this run (logic in commands/sync/holds.ts)
src/commands/mcp-expose.ts	runPublish	443	seed: W5 baseline, refactor wave 1 (decomposition deferred to wave 2, plan D1)
src/commands/migrate-engine.ts	runMigrateEngine	405	seed: W5 baseline, refactor wave 1 (decomposition deferred to wave 2, plan D1)
src/commands/serve.ts	installStdioLifecycle	323	seed: W5 baseline, refactor wave 1 (decomposition deferred to wave 2, plan D1); +7 GBRA-40 Lane D: facts drain install call and its shutdown stop (logic in installFactsDrain); +1 engine graduation (GBRA-50 G3): onShutdownReady hook for the graduation hand-off (logic in installGraduationHandoff)
src/commands/sources.ts	runAdd	365	seed: W5 baseline, refactor wave 1 (decomposition deferred to wave 2, plan D1); +3 fix wave 4 #5673: connector sources print that autopilot keeps them synced after the first sync
src/core/ai/gateway.ts	chat	313	seed: W5 baseline, refactor wave 1 (decomposition deferred to wave 2, plan D1); +2 #5490: a configured chat_fallback_chain hands the call to chatWithFallback (loop lives in ai/chat-fallback.ts)
src/core/bootstrap/harness.ts	applyHarness	1167	seed: W5 baseline, refactor wave 1 (decomposition deferred to wave 2, plan D1)
src/core/brainstorm/orchestrator.ts	_runBrainstormInner	413	seed: W5 baseline, refactor wave 1 (decomposition deferred to wave 2, plan D1); +1 #5890 close-set spreads INTERNAL_BREADTH_SEARCH_OPTS
src/core/check-resolvable.ts	checkResolvable	419	seed: W5 baseline, refactor wave 1 (decomposition deferred to wave 2, plan D1)
src/core/config.ts	loadConfigWithEngine	362	seed: W5 baseline, refactor wave 1 (decomposition deferred to wave 2, plan D1); +2 #5824: search.vector_legacy_guard DB-plane merge
src/core/context-engine.ts	createGBrainContextEngine	520	seed: W5 baseline, refactor wave 1 (decomposition deferred to wave 2, plan D1); +1 #4618: seat sidecar call before the segment spool (helper recordOpenclawSeat)
src/core/context/retrieval-reflex.ts	resolveEntitiesToPointers	355	seed: W5 baseline, refactor wave 1 (decomposition deferred to wave 2, plan D1)
src/core/cycle.ts	runCycle	1271	seed: W5 baseline, refactor wave 1 (decomposition deferred to wave 2, plan D1); +5 #5809: extract_atoms phase gets a real abort signal; +2 #5809: cycle_already_running names the lock holder; +1 #4578: a lock steal during the last selected phase reports lock_stolen (one phase per runCycle call); +4 GBRA-40 F4b: planner-stats refresh after the freshness phases; +14 #5876: Life Chronicle phase dispatch block; +6 GBRA-40 Lane D: facts_drain phase dispatch; +10 GBRA-49: edge_contradictions phase dispatch block (adapter in cycle/edge-contradictions.ts)
src/core/cycle/extract-atoms.ts	runPhaseExtractAtoms	787	seed: W5 baseline, refactor wave 1 (decomposition deferred to wave 2, plan D1); +12 #5809/#5832: hard/soft stop checks, chat-call signal, abortable pacing, no post-stop writes; +1 #5856: one BudgetTracker per drain attempt (reuse the attempt's tracker)
src/core/cycle/extract-facts.ts	runExtractFacts	505	seed: W5 baseline, refactor wave 1 (decomposition deferred to wave 2, plan D1)
src/core/cycle/grade-takes.ts	GradeTakesPhase.process	402	seed: W5 baseline, refactor wave 1 (decomposition deferred to wave 2, plan D1)
src/core/cycle/patterns.ts	runPhasePatterns	303	seed: W5 baseline, refactor wave 1 (decomposition deferred to wave 2, plan D1)
src/core/cycle/propose-takes.ts	ProposeTakesPhase.process	427	seed: W5 baseline, refactor wave 1 (decomposition deferred to wave 2, plan D1)
src/core/cycle/synthesize-concepts.ts	runPhaseSynthesizeConcepts	451	seed: W5 baseline, refactor wave 1 (decomposition deferred to wave 2, plan D1); +4 #5490 review: a narrative a chat_fallback_chain model wrote is hashed under that model so the next cycle re-synthesizes it
src/core/cycle/synthesize.ts	runPhaseSynthesizeInner	1046	seed: W5 baseline, refactor wave 1 (decomposition deferred to wave 2, plan D1); +3 #5854: publish_pending from postprocess, a pending summary publish deferred instead of failing the phase
src/core/facts/backstop.ts	runPipelineBodyInner	358	seed: W5 baseline, refactor wave 1 (decomposition deferred to wave 2, plan D1)
src/core/import-file.ts	importFromContent	808	seed: W5 baseline, refactor wave 1 (decomposition deferred to wave 2, plan D1); +2 wave 8 lane D1 #5158: key-order fallback equality and legacy-hash ordering; lowered to 807 (#5988: screen and sanity config peeled to core/import-screen.ts); +1 #6007: the prepared apply reports its written page and seal (PreparedImportApplied) so put_page skips a re-read and a second seal
src/core/minions/handlers/subagent-oneshot.ts	runSubagentOneshot	377	seed: W5 baseline, refactor wave 1 (decomposition deferred to wave 2, plan D1)
src/core/minions/handlers/subagent.ts	makeSubagentHandler	884	seed: W5 baseline, refactor wave 1 (decomposition deferred to wave 2, plan D1)
src/core/minions/handlers/subagent.ts	makeSubagentHandler>subagentHandlerInner	814	seed: W5 baseline, refactor wave 1 (decomposition deferred to wave 2, plan D1)
src/core/minions/handlers/subagent.ts	runSubagentViaGateway	328	seed: W5 baseline, refactor wave 1 (decomposition deferred to wave 2, plan D1)
src/core/minions/queue.ts	MinionQueue.add	498	seed: W5 baseline, refactor wave 1 (decomposition deferred to wave 2, plan D1)
src/core/minions/queue.ts	MinionQueue.add>result=this.engine.transaction(#0)	359	seed: W5 baseline, refactor wave 1 (decomposition deferred to wave 2, plan D1)
src/core/minions/worker.ts	MinionWorker.executeJob	304	seed: W5 baseline, refactor wave 1 (decomposition deferred to wave 2, plan D1); +1 GBRA-40 Lane D: JobDeferredError routes to deferJob
src/core/minions/worker.ts	MinionWorker.start	470	seed: W5 baseline, refactor wave 1 (decomposition deferred to wave 2, plan D1)
src/core/ops/facts.ts	recall.handler	348	seed: W5 baseline, refactor wave 1 (decomposition deferred to wave 2, plan D1)
src/core/ops/search.ts	query.handler	332	seed: W5 baseline, refactor wave 1 (decomposition deferred to wave 2, plan D1); +2 GBRA-49 explain_target: one TargetTrace prep line and its HybridSearchOpts thread (diagnosis/meta live in prepareExplainTarget/finishExplainTarget)
src/core/progressive-batch/orchestrator.ts	runProgressiveBatch	348	seed: W5 baseline, refactor wave 1 (decomposition deferred to wave 2, plan D1)
src/core/remediation/run.ts	runRemediation	428	seed: W5 baseline, refactor wave 1 (decomposition deferred to wave 2, plan D1)
src/core/schema-pack/unify-types-handler.ts	runUnifyTypes	310	seed: W5 baseline, refactor wave 1 (decomposition deferred to wave 2, plan D1)
src/core/skillopt/orchestrator.ts	runOptimizationLoop	704	seed: W5 baseline, refactor wave 1 (decomposition deferred to wave 2, plan D1)
src/core/skillopt/orchestrator.ts	runOptimizationLoop>withBudgetTracker(#1)	405	seed: W5 baseline, refactor wave 1 (decomposition deferred to wave 2, plan D1)
src/core/sources-ops.ts	addSource	317	seed: W5 baseline, refactor wave 1 (decomposition deferred to wave 2, plan D1)
src/core/think/index.ts	runThink	450	seed: W5 baseline, refactor wave 1 (decomposition deferred to wave 2, plan D1)
src/core/transcripts/ingest.ts	runTranscriptsIngest	317	seed: W5 baseline, refactor wave 1 (decomposition deferred to wave 2, plan D1)
src/core/workspace-push.ts	workspacePush	312	seed: W5 baseline, refactor wave 1 (decomposition deferred to wave 2, plan D1)
src/mcp/http-transport.ts	startHttpTransport	409	seed: W5 baseline, refactor wave 1 (decomposition deferred to wave 2, plan D1); +1 cat40 cost wave C1 (garrytan/gbrain-evals#57 follow-ups): dispatch resultRows from X-Gbrain-Client / mcp.result_rows (logic in mcp/result-rows.ts)
